{"cameraMode":{"drawMode":0,"name":"Shaded","section":"Shading Mode"},"sceneLighting":false,"audioPlay":false,"sceneViewState":{"m_AlwaysRefresh":false,"showFog":true,"showSkybox":false,"showFlares":true,"showImageEffects":true,"showParticleSystems":true,"showVisualEffectGraphs":true,"m_FxEnabled":true},"in2DMode":false,"pivot":{"x":-0.6726102828979492,"y":1.494079351425171,"z":0.2938680648803711},"rotation":{"x":-0.017162268981337549,"y":0.0562683641910553,"z":0.0009360118419863284,"w":0.998277485370636},"size":0.8660253882408142,"orthographic":false}