{"cameraMode":{"drawMode":0,"name":"Shaded","section":"Shading Mode"},"sceneLighting":false,"audioPlay":false,"sceneViewState":{"m_AlwaysRefresh":false,"showFog":true,"showSkybox":false,"showFlares":true,"showImageEffects":true,"showParticleSystems":true,"showVisualEffectGraphs":true,"m_FxEnabled":true},"in2DMode":false,"pivot":{"x":0.037007346749305728,"y":0.018671229481697084,"z":0.052870579063892367},"rotation":{"x":0.11751081049442291,"y":-0.5774948596954346,"z":0.08461945503950119,"w":0.8035195469856262},"size":0.10936451703310013,"orthographic":false}