{"cameraMode":{"drawMode":0,"name":"Shaded","section":"Shading Mode"},"sceneLighting":false,"audioPlay":false,"sceneViewState":{"m_AlwaysRefresh":false,"showFog":true,"showSkybox":false,"showFlares":true,"showImageEffects":true,"showParticleSystems":true,"showVisualEffectGraphs":true,"m_FxEnabled":true},"in2DMode":false,"pivot":{"x":0.21036148071289063,"y":0.20745933055877686,"z":0.5103017091751099},"rotation":{"x":-0.017162268981337549,"y":0.0562683641910553,"z":0.0009360118419863284,"w":0.998277485370636},"size":1.8157213926315308,"orthographic":false}