{"cameraMode":{"drawMode":0,"name":"Shaded","section":"Shading Mode"},"sceneLighting":false,"audioPlay":false,"sceneViewState":{"m_AlwaysRefresh":false,"showFog":true,"showSkybox":false,"showFlares":true,"showImageEffects":true,"showParticleSystems":true,"showVisualEffectGraphs":true,"m_FxEnabled":true},"in2DMode":false,"pivot":{"x":0.12837600708007813,"y":0.2605867385864258,"z":0.4894942045211792},"rotation":{"x":-0.08888475596904755,"y":0.5308582186698914,"z":-0.05611575022339821,"w":-0.8409338593482971},"size":2.166196584701538,"orthographic":false}