{"cameraMode":{"drawMode":0,"name":"Shaded","section":"Shading Mode"},"sceneLighting":true,"audioPlay":false,"sceneViewState":{"m_AlwaysRefresh":false,"showFog":true,"showSkybox":true,"showFlares":true,"showImageEffects":true,"showParticleSystems":true,"showVisualEffectGraphs":true,"m_FxEnabled":true},"in2DMode":false,"pivot":{"x":-1.0629446506500245,"y":1.1619527339935303,"z":2.5357444286346437},"rotation":{"x":-0.017162268981337549,"y":0.0562683641910553,"z":0.0009360118419863284,"w":0.998277485370636},"size":1.515721321105957,"orthographic":false}